name,image,location_map,location,link ,gallery,information
Albatros White Beach - By Pickalbatros ,https://t-cf.bstatic.com/xdata/images/hotel/max1024x768/63745624.jpg?k=9a7ce0b545fd25fa1a30d33eb485923163443b0bfffe88aa5faf5774321bbf16&o=&hp=1,https://www.booking.com/hotel/eg/albatros-white-beach.en-gb.html#map_opened-hotel_address," El Corniche St, Al Mamsha El Seyahi, Hurghada, Egypt

 ",https://bit.ly/3qKrQmt,"[""https://t-cf.bstatic.com/xdata/images/hotel/max1024x768/116395014.jpg?k=612b5077ba12383c92516fd6eb06102ed9f0033456dda26258e0e2eb9b0a7195&o=&hp=1"",""https://t-cf.bstatic.com/xdata/images/hotel/max1024x768/116394860.jpg?k=37f8042051239356bf8e15301c08c135a992e4e80fb5b1b9599931732bb03821&o=&hp=1"",""https://t-cf.bstatic.com/xdata/images/hotel/max1024x768/88799771.jpg?k=16a99e07d175ed8df4533be8d24a72f4f46671a3dbdd3861375081a7dce939ba&o=&hp=1"",""https://t-cf.bstatic.com/xdata/images/hotel/max1024x768/65623058.jpg?k=32493f2027edd3004b7a61376d1fd70e5148392504ebac0e13b7b3fb0d92bc08&o=&hp=1"",""https://t-cf.bstatic.com/xdata/images/hotel/max1024x768/63461366.jpg?k=a83e0976fc0a366b235a46ce0f4e6e9e54128c6ad476f6e1ad1a277b7bfb56ee&o=&hp=1"",""https://t-cf.bstatic.com/xdata/images/hotel/max1024x768/63745513.jpg?k=57c7227ab3c07da04c462dc55b5be009d88e13c2093139291e341fa02b097362&o=&hp=1"",""https://t-cf.bstatic.com/xdata/images/hotel/max1024x768/65622714.jpg?k=7b368cee16eb00148ee886a41152f8f4096ef4024a6c698cbdfb2e84363f0f9f&o=&hp=1"",""https://t-cf.bstatic.com/xdata/images/hotel/max1024x768/336200801.jpg?k=15e357e879753b546b1b7bfff8dc071f3d0f8317e4b79ef873da58c15f7207ab&o=&hp=1"",""https://t-cf.bstatic.com/xdata/images/hotel/max1024x768/336200619.jpg?k=f31872e5b4f1a1e9d799ce5eddae11f5d6e4d6bd5d1db7b727d36ec2320ec2bf&o=&hp=1"",""https://t-cf.bstatic.com/xdata/images/hotel/max1024x768/336200619.jpg?k=f31872e5b4f1a1e9d799ce5eddae11f5d6e4d6bd5d1db7b727d36ec2320ec2bf&o=&hp=1"",""https://t-cf.bstatic.com/xdata/images/hotel/max1024x768/63745518.jpg?k=8f2585bc024abad7dabea9968c991af07698bb0016c65ad4254fd22a3c877ab6&o=&hp=1""]","This property is 7 minutes walk from the beach. Featuring an outdoor pool, children's playground and terrace, Albatros White Beach - By Pickalbatros is set in Hurghada in the Red Sea Region and only 5 km from New Marina. Free WiFi is available in all public areas.

All rooms are equipped with a flat-screen TV. Some rooms have a seating area and a terrace or balcony. The bathroom is fitted with a shower and offers free toiletries and a hairdryer. Guests have free access to the gym, 2 adult pools and multi sports court.

Guests can take advantage of the properties facilities such as a car hire or the hotel's 24 hour front desk. The property also offers the opportunity to snorkel and dive. Added amenities include 4 kids pool and darts. Guests can enjoy the on-site bar.

District Court of Hurghada is 8 km from Albatros White Beach - By Pickalbatros, while Giftun Island is 10 km away. The nearest airport is Hurghada International Airport, 3 km from the property.

Couples particularly like the location ? they rated it 9.1 for a two-person trip."
Naama Bay,https://dynamic-media-cdn.tripadvisor.com/media/photo-o/0d/63/d3/00/spiaggia.jpg?w=1200&h=-1&s=1,https://goo.gl/maps/PMsLU4wc7fe2fdTD6,"Naama Bay El Salam Road, Sharm El Sheikh, Egypt",https://www.booking.com/hotel/eg/sharm-el-sheikh-marriott-resort.en-gb.html?aid=356980;label=gog235jc-1DCAsoQ0Ifc2hhcm0tZWwtc2hlaWtoLW1hcnJpb3R0LXJlc29ydEgzWANoQ4gBAZgBCbgBF8gBDNgBA-gBAYgCAagCA7gCp6TFjgbAAgHSAiQzYjE0YTY0Yi1lNWU4LTRhZjctYWY0ZS1jMzNmYzlmZjk,"[""https://dynamic-media-cdn.tripadvisor.com/media/photo-o/0d/dc/3c/51/naama-bay.jpg?w=1200&h=-1&s=1"",""https://dynamic-media-cdn.tripadvisor.com/media/photo-o/0d/dc/3c/91/naama-bay.jpg?w=1200&h=-1&s=1"",""https://dynamic-media-cdn.tripadvisor.com/media/photo-o/0d/ea/aa/60/caption.jpg?w=900&h=-1&s=1"",""https://dynamic-media-cdn.tripadvisor.com/media/photo-o/0d/ea/aa/85/caption.jpg?w=1200&h=-1&s=1"",""https://dynamic-media-cdn.tripadvisor.com/media/photo-o/0d/f6/be/51/photo1jpg.jpg?w=1200&h=-1&s=1"",""https://dynamic-media-cdn.tripadvisor.com/media/photo-o/0d/f8/0e/05/20161225-092835-largejpg.jpg?w=1200&h=-1&s=1"",""https://dynamic-media-cdn.tripadvisor.com/media/photo-o/0d/f8/0e/07/20161225-083212-largejpg.jpg?w=1200&h=-1&s=1"",""https://dynamic-media-cdn.tripadvisor.com/media/photo-o/0d/f8/0e/08/20161225-083156-largejpg.jpg?w=1200&h=-1&s=1"" ] ","This property is 2 minutes walk from the beach. Situated in the heart of the popular Naama Bay, Naama Bay Promenade Beach Resort Managed By Accor offers spacious accommodation overlooking the hotel's tropical gardens, the extensive pool or beach panoramic view.                                                                                                                                                                                                                     It also features a private beach. Guests can enjoy free WiFi in the public areas of the hotel.
Sharm El Sheikh International Airport is only 10 km away from the property. The hotel provides free parking.
This is our guests' favourite part of Sharm El Sheikh, according to independent reviews.
Couples particularly like the location ? they rated it 8.7 for a two-person trip."
Sharm El Luli,https://media-cdn.tripadvisor.com/media/photo-s/13/1e/66/3e/sharm-el-luli.jpg,https://goo.gl/maps/Gg7y94avMe8EHq4W6,"Sharm El Luli, Halayeb We Shalateen Road, Egypt",https://www.tripadvisor.com.eg/Attraction_Review-g311425-d2703875-Reviews-Sharm_El_Luli-Marsa_Alam_Red_Sea_and_Sinai.html,"[""https://dynamic-media-cdn.tripadvisor.com/media/photo-o/19/62/c4/49/img-20190913-wa0021-largejpg.jpg?w=1200&h=-1&s=1"",""https://dynamic-media-cdn.tripadvisor.com/media/photo-o/19/c7/fd/1a/img-20191014-113112-788.jpg?w=1200&h=-1&s=1"",""https://dynamic-media-cdn.tripadvisor.com/media/photo-o/1b/0c/35/ee/20200228-103016-largejpg.jpg?w=1200&h=-1&s=1"",""https://dynamic-media-cdn.tripadvisor.com/media/photo-o/18/0c/87/cf/photo0jpg.jpg?w=1200&h=-1&s=1"",""https://dynamic-media-cdn.tripadvisor.com/media/photo-o/15/43/ae/56/dsci0529-largejpg.jpg?w=800&h=-1&s=1"",""https://dynamic-media-cdn.tripadvisor.com/media/photo-o/13/18/26/53/20180523-084501-largejpg.jpg?w=1200&h=-1&s=1"",""https://dynamic-media-cdn.tripadvisor.com/media/photo-o/10/53/2d/2a/sharm-el-luli.jpg?w=1000&h=-1&s=1"",""https://dynamic-media-cdn.tripadvisor.com/media/photo-o/0f/cc/b0/23/struggenti-contrasti.jpg?w=1200&h=-1&s=1""]","It is located 60 km south of Marsa Alam.                                                                                                                                                           It extends on a wonderful lake whose waters are always warm, transparent as crystal, and gradient colors.                                                It is within the Wadi El-Gemal Reserve, which qualified it well to rank first in the list of the top 10 beaches in the Middle East for the year 2018, issued by the ""TripAdvisor"" website, which specializes in travel and tourism around the world.                                                           It features a ""cheese"" drink, a type of coffee popular with locals in the area."
El Fanar,https://dynamic-media-cdn.tripadvisor.com/media/photo-o/09/be/96/6a/caption.jpg?w=1100&h=-1&s=1,https://goo.gl/maps/UqkKJU7fMtzSjD679,"El Fanar St. Beside El Fanar Hotel, Sharm El Sheikh 46628 Egypt",https://www.tripadvisor.com/Restaurant_Review-g297555-d1308194-Reviews-El_Fanar_Beach_Jetty-Sharm_El_Sheikh_South_Sinai_Red_Sea_and_Sinai.html,"[""https://dynamic-media-cdn.tripadvisor.com/media/photo-o/09/be/95/54/caption.jpg?w=1200&h=-1&s=1"",""https://dynamic-media-cdn.tripadvisor.com/media/photo-o/09/be/93/25/caption_rotated_270.jpg?w=1200&h=-1&s=1"",""https://dynamic-media-cdn.tripadvisor.com/media/photo-o/09/44/c7/6a/caption.jpg?w=1200&h=-1&s=1"",""https://dynamic-media-cdn.tripadvisor.com/media/photo-o/09/2d/08/95/caption.jpg?w=1200&h=-1&s=1,""https://dynamic-media-cdn.tripadvisor.com/media/photo-o/09/24/36/2b/el-fanar.jpg?w=1200&h=-1&s=1"",""https://dynamic-media-cdn.tripadvisor.com/media/photo-o/09/24/35/9c/el-fanar.jpg?w=1200&h=-1&s=1"",""https://dynamic-media-cdn.tripadvisor.com/media/photo-o/08/8c/72/5c/el-fanar.jpg?w=1100&h=-1&s=1"",""https://dynamic-media-cdn.tripadvisor.com/media/photo-o/08/8c/72/46/el-fanar.jpg?w=1200&h=-1&s=1"",""https://dynamic-media-cdn.tripadvisor.com/media/photo-o/08/66/91/4d/caption.jpg?w=1200&h=-1&s=1"",""https://dynamic-media-cdn.tripadvisor.com/media/photo-o/08/59/fa/fd/el-fanara.jpg?w=1200&h=-1&s=1"",""https://dynamic-media-cdn.tripadvisor.com/media/photo-o/05/59/22/0c/el-fanar.jpg?w=1200&h=-1&s=1"",""https://dynamic-media-cdn.tripadvisor.com/media/photo-o/22/07/4b/fc/caption.jpg?w=1200&h=-1&s=1"",""http://vcdn.visit.guide/uploads/general_images/original/3921915081613050291.jpg"",""http://vcdn.visit.guide/uploads/general_images/original/5582359001613050293.jpg"",""http://vcdn.visit.guide/uploads/general_images/original/13771562861613050294.jpg""]",#43 of 259 Restaurants in Sharm El Sheikh.                                                                                                                                                   4.5 miles from Na'ama Bay.                                                                                                                                                                        Couples particularly like the location ? they rated it 3.5 for a two-person trip.
Fayrouz Resort,https://t-cf.bstatic.com/xdata/images/hotel/max1024x768/54226179.jpg?k=a1917cc11b218bac8030c309a2e81b28b59bee146c696022616f93aff131df2f&o=&hp=1,,"El Salam Road, Naama Bay, Sharm El Sheikh, Egypt",https://www.booking.com/hotel/eg/hilton-sharm-el-sheikh-fayrouz-resort.en-gb.html?aid=356980;label=gog235jc-1DCAsoQ0IlaGlsdG9uLXNoYXJtLWVsLXNoZWlraC1mYXlyb3V6LXJlc29ydEgzWANoQ4gBAZgBCbgBF8gBDNgBA-gBAYgCAagCA7gCxKbFjgbAAgHSAiRjNDkwMjA2ZC0wZmI0LTQ3NTktOTMwZ,"[""https://t-cf.bstatic.com/xdata/images/hotel/max1024x768/231797946.jpg?k=51baf27eadf5251c1dad0e11439bdf46f7d1e49fa4cf633615418d5d9fcbb8d3&o=&hp=1"",""https://t-cf.bstatic.com/xdata/images/hotel/max1024x768/54226325.jpg?k=cf15ae3104ea9da82f71a6feba1d00396abb846ec0aed7fe5af0e26a40456c43&o=&hp=1"",""https://t-cf.bstatic.com/xdata/images/hotel/max1024x768/18298831.jpg?k=aeb2901d87719bee482abe8435f02fed18c7cbbeb7b9e39e0b49f14426ca70fa&o=&hp=1"",""https://t-cf.bstatic.com/xdata/images/hotel/max1024x768/54226194.jpg?k=4e0a473570c99e862cc31e690ddf4e9cbb0f90d1a70565b18426d3974cdf9041&o=&hp=1"",""https://t-cf.bstatic.com/xdata/images/hotel/max1024x768/13594079.jpg?k=17977d91fe5373a55cdc4aa75563b84177c226e91bcc0449dbf3c2d677c941a5&o=&hp=1"",""https://t-cf.bstatic.com/xdata/images/hotel/max1024x768/13594053.jpg?k=96d89d5f93fcbe9bd54ba88b7c4c6695a6db42f25696865ee95768caf7e7d91e&o=&hp=1"",""https://t-cf.bstatic.com/xdata/images/hotel/max1024x768/5871651.jpg?k=ee03f19915eb6325ea90d21c60196b111e7ef988aaa27a13e1e09f82029e831f&o=&hp=1"",""https://t-cf.bstatic.com/xdata/images/hotel/max1024x768/5871654.jpg?k=8b567c0daa755c2cc872685d6e8d05ed6dfa5c71d1c32362cc5959f38a0a0bb7&o=&hp=1"",""https://t-cf.bstatic.com/xdata/images/hotel/max1024x768/313665342.jpg?k=321198a395e9be978ba6ef694e1d059e68901db6c9a6f723a89334bb8fd81325&o=&hp=1""]","This property is 3 minutes walk from the beach. This resort overlooks the Red Sea in Naama Bay, 15 minutes' drive from Sharm El Sheikh International Airport. It features 4 outdoor pools and a long private beach.                                                                                         Each of the spacious rooms at Fayrouz Resort has high-speed internet access, a work desk and deluxe bathroom amenities. Some rooms look out over the resort's pool area.                                                                                                                                                 Water sports are available with Fayrouz Resort's diving and snorkelling centre. There are also tennis courts and a fully equipped fitness centre. An active kids' club and children's pool areas completes the resort.                                                                                               The Fayrouz Resort's Wadi Restaurant offers an outdoor terrace with views over the beachfront promenade. Starlight Dinner features an open-air buffet in a Bedouin setting. There are also seafood and Italian restaurants.                                                                             The centre of Naama Bay is just 5 minutes' walk from Fayrouz Resort.                                                                                                        This is our guests' favourite part of Sharm El Sheikh, according to independent reviews.                                                                      Couples particularly like the location ? they rated it 9.2 for a two-person trip."
Smokery Beach,https://media-cdn.tripadvisor.com/media/photo-f/21/8f/28/f4/a-soothing-sight-from.jpg,https://goo.gl/maps/hg1ZMRurCAtRz5Tt5,"Red Sea New Marina, El Gouna, Hurghada 84513 Egypt.",https://www.tripadvisor.com/ShowUserReviews-g297548-d6417921-r442643762-The_Smokery_El_Gouna_Yacht_Club-El_Gouna_Hurghada_Red_Sea_and_Sinai.html,"[""https://media-cdn.tripadvisor.com/media/photo-s/06/c1/19/bd/the-smokery.jpg"",""https://lh3.googleusercontent.com/p/AF1QipN56f_I2ZSlq128kSVSMM1RcAJ9qBGpcBohox8E=w296-h202-n-k-rw-no-v1"",""https://lh3.googleusercontent.com/p/AF1QipOpWPJSFjneZq8KHPy1dOzALiGC8SEoodZk1yq8=w296-h202-n-k-rw-no-v1"",""https://lh3.googleusercontent.com/p/AF1QipMxmza0o-lkPuJ0VnEoH7YxoddK2TZKbZQCRAYu=w296-h202-n-k-rw-no-v1"",""https://lh3.googleusercontent.com/p/AF1QipPQTw7l_rVK2_TBtKMLUFxDq3S3JIm-myb7eH4D=w296-h202-n-k-rw-no-v1"",""https://lh3.googleusercontent.com/p/AF1QipOXZHHqdlpPEL6VZg8JZwzNpyUituwYpoVHUHk=w296-h202-n-k-rw-no-v1"",""https://lh3.googleusercontent.com/p/AF1QipNGcswLtTkO2pgBHDV6qCNS_esSnno9TaCDU5ec=w296-h202-n-k-rw-no-v1"",""https://lh5.googleusercontent.com/p/AF1QipOkwusCildtF-4gvTY_gKuKl4OgUyYNJWK4gAeR=w325-h243-k-no""]","#41 of 89 Restaurants in El Gouna.                                                                                                                                                           Smokery Beach is located 200 meters from the Smokery Restaurant and is their Beach Club. Had lunch with the family and the family also stayed on the beach. The ambience is very nice and the construction of the restaurant and beach beds is all done with wood from pallets.                                                                                                                                                                                                    Couples particularly like the location ? they rated it 4.5 for a two-person trip.
"
Hotelux Marina Beach Hurghada,https://t-cf.bstatic.com/xdata/images/hotel/max1024x768/323200482.jpg?k=65be7e618ba0feab32ad14f3b04300a3cd9bbcacd88ae3539aa702891ad67fe0&o=&hp=1,https://goo.gl/maps/DpjBE9GZvTzXbEKe8,"Cornish Road, Hurghada, Egypt",https://www.booking.com/hotel/eg/montillon-grand-horizon.en-gb.html?aid=356980&label=gog235jc-1DCAsoQ0IXbW9udGlsbG9uLWdyYW5kLWhvcml6b25IM1gDaEOIAQGYAQm4ARfIAQzYAQPoAQGIAgGoAgO4Au-N65MGwAIB0gIkNjhhMTlhNjctYjU3NS00NTgwLTk4MjAtYjg0MzE4MzE4Mjc42AIE4AIB&sid=3a,"[""https://t-cf.bstatic.com/xdata/images/hotel/max1024x768/240727401.jpg?k=eea79f035ed455116ea1d984adcee427a7ae3300e33d230b800e4bb6c8609db0&o=&hp=1"",""https://t-cf.bstatic.com/xdata/images/hotel/max1024x768/323207859.jpg?k=e700a4e4e6615ce02f992b8cfb5e237a1cc43432a38ef583b9c80ef547ca42e0&o=&hp=1"",""https://t-cf.bstatic.com/xdata/images/hotel/max1024x768/240727387.jpg?k=a239b8b6ed23ec5ba9ddf71be6bd41b5c1ae6dee2a9cc62bb0eff32944b84d8c&o=&hp=1"",""https://t-cf.bstatic.com/xdata/images/hotel/max1024x768/240727392.jpg?k=0bd7d824b3d146918e138f3630cfe19d2ff512b6c583d5ca1baae509617f60c9&o=&hp=1"",""https://t-cf.bstatic.com/xdata/images/hotel/max1024x768/240726855.jpg?k=ed92bbe1e4018128f3f8813750b046ddc6b8b60c0d56db8510569c87876e3ce7&o=&hp=1"",""https://t-cf.bstatic.com/xdata/images/hotel/max1024x768/240729635.jpg?k=0b55b54291eb666de68fa0352cc8a6ab24dc96403f835113b59efc461867b40b&o=&hp=1"",""https://t-cf.bstatic.com/xdata/images/hotel/max1024x768/323208142.jpg?k=cf4ea25d827c2b80e1c3cc2eeb04e64f5034f1e1509f812009ce577e32253ce8&o=&hp=1""]","This property is 1 minute walk from the beach. Located on the beach in Hurghada, this hotel is less than 150 m from the Red Sea. It has free WIFI in the Lobby area, and features a large outdoor pool with sun-lounger terrace.                                                                     Hurghada International Airport is located 12 km from Hotelux Marina Beach Hurghada. Hurghada International Port is less than 200 m away.                                                                                                                                                                                                      Couples particularly like the location ? they rated it 8.3 for a two-person trip."
Nubian Beach,https://media-cdn.tripadvisor.com/media/photo-s/09/d9/de/b6/nubian-beach.jpg,https://goo.gl/maps/MUrpsXx99b7K6ApFA,"?Aswan, West Bank?, Egypt",https://www.tripadvisor.com.eg/Restaurant_Review-g294204-d3667282-Reviews-Nubian_Beach-Aswan_Aswan_Governorate_Nile_River_Valley.html,"[""https://media-cdn.tripadvisor.com/media/photo-f/0b/cd/8f/b9/playa-nubia.jpg"",""https://media-cdn.tripadvisor.com/media/photo-f/0b/cd/8f/d3/playa-nubia.jpg"",""https://media-cdn.tripadvisor.com/media/photo-s/0c/3b/ba/bb/caption.jpg"",""https://media-cdn.tripadvisor.com/media/photo-s/0b/44/80/c6/temple-villa.jpg""]","#18 of 27 Egyptian in Aswan, and #23 of 45 Restaurants in Aswan                                                                                                                 Couples particularly like the location ? they rated it 4.5 for a two-person trip.                                  "
Movenpick Resort Soma Bay,https://t-cf.bstatic.com/xdata/images/hotel/max1024x768/346418838.jpg?k=c291002a81e334417be288c15dd73c5a7eb8416b527523aa0eea0fbf56cfef0a&o=&hp=1,https://g.page/movenpick-soma?share,"KM 49 Hurghada/Safaga Road, Soma Bay, Soma Bay, 84711 Hurghada, Egypt.",https://www.booking.com/hotel/eg/moevenpick-resort-soma-bay.en-gb.html,"[""https://t-cf.bstatic.com/xdata/images/hotel/max1024x768/244742716.jpg?k=1ceafbf3202e92d8824e4cbea0c8f67b7192bd93ccc1d0a1bb3a159ac3c06aed&o=&hp=1"",""https://t-cf.bstatic.com/xdata/images/hotel/max1024x768/16217517.jpg?k=7a715bce65857decf0e37d2bb53f78173d3a2d3140d9ffc0a838cd7ee80f0749&o=&hp=1"",""https://t-cf.bstatic.com/xdata/images/hotel/max1024x768/267383147.jpg?k=abb92902da0b632fe409eb84e399e6b78714fd247312c30642ee7b26486d7da8&o=&hp=1"",""https://t-cf.bstatic.com/xdata/images/hotel/max1024x768/16217542.jpg?k=575f5fe4eee3f688995f5f88fb3765cfa3f2ed96b87811396e33ab7a5085c5a9&o=&hp=1"",""https://t-cf.bstatic.com/xdata/images/hotel/max1024x768/244746466.jpg?k=6fe968292dff78aadcd470126ee94606491030508ac674dda575645498fae3eb&o=&hp=1"",""https://t-cf.bstatic.com/xdata/images/hotel/max1024x768/244745011.jpg?k=ff6992796aec9254bf92a1ffa329c34db72e2ff3e5db4eaf1e217bcbf8474df0&o=&hp=1"",""https://t-cf.bstatic.com/xdata/images/hotel/max1024x768/37978609.jpg?k=548d566d5438898113cb50e0507fef19e7efc0fed813cbc30c790725d2d322f3&o=&hp=1"",""https://t-cf.bstatic.com/xdata/images/hotel/max1024x768/37978386.jpg?k=a78d0f9fca12143f7e1f98626f1621abaf72ff3056eab58d9ea1004a9cb42953&o=&hp=1""]","This property is 18 minutes walk from the beach. Featuring a spa and 3 pools, Moevenpick Resort Soma Bay offers luxury accommodation in Soma Bay. With its own private beach, this 5-star hotel provides water sports activities such as diving and windsurfing. Free WiFi is available in the rooms."
Panorama Bungalows Resort El Gouna,https://t-cf.bstatic.com/xdata/images/hotel/max1024x768/327152035.jpg?k=05ad971031d030cc9d22146c2590d6d31e679ba89536c3a1d0d8b7475cc27f75&o=&hp=1,https://g.page/Panorama-Bungalows-Elgouna?share,"El Gouna, El Gouna, 99999 Hurghada, Egyptÿ",https://www.booking.com/hotel/eg/panorama-bungalows-resort-el-gouna.en-gb.html?aid=339738&label=riviera-beach-TJFyY9IMRBE6aUzLxnfCPwS55969948433%3Apl%3Ata%3Ap1%3Ap2%3Aac%3Aap%3Aneg%3Afi%3Atikwd-296592216609%3Alp9112393%3Ali%3Adec%3Adm%3Appccp%3DUmFuZG9tSV,"[""https://t-cf.bstatic.com/xdata/images/hotel/max1024x768/271646397.jpg?k=3f20329f8ddb64fab64a1f7b6335b24db2e63e0ba0ff35c75ae7aabb159ba083&o=&hp=1"",""https://t-cf.bstatic.com/xdata/images/hotel/max1024x768/275678119.jpg?k=709f77536a08b60e7b595795583e360ae7b9587447530912d8cfde1ae2131ade&o=&hp=1"",""https://t-cf.bstatic.com/xdata/images/hotel/max1024x768/275678198.jpg?k=95b71abb9c432b225e51d809af248e413fe28147b3ca196aadb32d2796dd5780&o=&hp=1"",""https://t-cf.bstatic.com/xdata/images/hotel/max1024x768/271646187.jpg?k=9f3bbbbf4d873e7f77382c285942204f0f162880f7dc45b37a1c2c56fc8e3566&o=&hp=1"",""https://t-cf.bstatic.com/xdata/images/hotel/max1024x768/271646235.jpg?k=264caa735f8aa317473a59e3e961479c29572dcf2ed66d6664d852e8008f0dbe&o=&hp=1"",""https://t-cf.bstatic.com/xdata/images/hotel/max1024x768/196221151.jpg?k=7fa5bb903924b90d32484204001fba92e0b0e433ef8edb8add9238eb37371f78&o=&hp=1"",""https://t-cf.bstatic.com/xdata/images/hotel/max1024x768/267716251.jpg?k=cd51ef410831fa5c5a91ecae06a7e5797e9d59b378e9e32c6bd710747aa6e36a&o=&hp=1"",""https://t-cf.bstatic.com/xdata/images/hotel/max1024x768/282650021.jpg?k=7a294219db054edd74910b9bf6953919f51ccb689edf678e830f73fbca35a783&o=&hp=1"",""https://t-cf.bstatic.com/xdata/images/hotel/max1024x768/224653403.jpg?k=716f0401bb40a51aba686661b0a8342333699a094ab44fba5531534ebd6c3907&o=&hp=1""]","This property is 9 minutes walk from the beach. Offering a private beach on the Red Sea, this 4-star resort offers air-conditioned accommodation with a terrace. Its outdoor pool is surrounded by landscaped gardens, and there is a health club.                                     A satellite TV and a minibar are in Panorama El Gouna?s bright rooms. Some offer views of the sea or gardens, while others overlook the lagoon. Each has a private bathroom with toiletries and a hairdryer.                                                                                                   Massages and various beauty treatments are offered in Panorama?s spa. Guests can relax in the sauna or play a game of table tennis. There is a playground and kids' pool with water toys for younger guests.                                                                                                      El Gouna Golf Club is 5 minutes? walk from Panorama Bungalows. The Abu Tig Marina is 5 minutes by car, and a shuttle can be arranged.                                                                                                                                                                                                   Couples particularly like the location ? they rated it 9.6 for a two-person trip.                                                                      "
Giftun Azur Resort,https://t-cf.bstatic.com/xdata/images/hotel/max1024x768/91717712.jpg?k=c6294467cea0ff54773e9c50f183e0db89523b4c1bfe66a640801198d34d7e3c&o=&hp=1,https://goo.gl/maps/ntoqxgb5vrfaP8F36,"Village Road, Hurghada, Egyptÿ",https://www.booking.com/hotel/eg/giftun-azur-resort.en-gb.html?aid=339738&label=riviera-beach-TJFyY9IMRBE6aUzLxnfCPwS55969948433%3Apl%3Ata%3Ap1%3Ap2%3Aac%3Aap%3Aneg%3Afi%3Atikwd-296592216609%3Alp9112393%3Ali%3Adec%3Adm%3Appccp%3DUmFuZG9tSVYkc2RlIyh9YU5pXi,"[""https://t-cf.bstatic.com/xdata/images/hotel/max1024x768/76172583.jpg?k=6a104f9c9c1f8c8e0cc809478100c59054ab518f831019562c683d7d2ed074a9&o=&hp=1"",""https://t-cf.bstatic.com/xdata/images/hotel/max1024x768/159837374.jpg?k=a553b60a57ee031d595f90ef1f498c531d77a77b4c3f8947422d8e8f9c7ac27e&o=&hp=1"",""https://t-cf.bstatic.com/xdata/images/hotel/max1024x768/159841312.jpg?k=a54e9667577df89d5377ec1b910f6b3e4717564496f0250b65718ff2c49ecfee&o=&hp=1"",""https://t-cf.bstatic.com/xdata/images/hotel/max1024x768/66355562.jpg?k=13e9f221d0351c7fd3b49415e158b9142f2edd122d7673e52798b52959af40b4&o=&hp=1"",""https://t-cf.bstatic.com/xdata/images/hotel/max1024x768/76174606.jpg?k=1cb7e54af70ba22975ccea73a56667af7c33acc85bd606fc8448c7b1c3465869&o=&hp=1"",""https://t-cf.bstatic.com/xdata/images/hotel/max1024x768/159838500.jpg?k=2b98c54cd54432843686f2a575ad840ed74d8355f1267a7c9aeb254085ff44b9&o=&hp=1"",""https://t-cf.bstatic.com/xdata/images/hotel/max1024x768/76172730.jpg?k=ec36d1e5480c1acfc54609c2f949686b3e9cc9f69649a3e37b828f2159cd4581&o=&hp=1,""https://t-cf.bstatic.com/xdata/images/hotel/max1024x768/76173503.jpg?k=6faf6b4fb36a18fb30c20797ee5c43c65b1492f798535a4f7039b838b6734dad&o=&hp=1""]","Nestled among lush gardens with palm trees, Giftun Azur Resort features 7 restaurants and 7 bars. It has outdoor pools, and spacious rooms with sea, pool or garden views.                                                                                                                                                        Giftun?s water sports activities include diving, snorkeling, banana boat ride and more.                                                                        Hurghada International Airport is 3 km away. A car rental service is available.                                                                                     Couples particularly like the location ? they rated it 8.9 for a two-person trip."
?El Qulan Mangrove Forest,https://dynamic-media-cdn.tripadvisor.com/media/photo-o/15/01/ea/76/el-qulan-mangrove-forest.jpg?w=1200&h=-1&s=1,https://goo.gl/maps/nncwnMnjkgCMV1iA8,"El Qulan Mangrove Forest, Marsa Alam, Egypt",https://www.tripadvisor.com.eg/Attraction_Review-g311425-d12672646-Reviews-El_Qulan_Mangrove_Forest-Marsa_Alam_Red_Sea_and_Sinai.html,"[""https://dynamic-media-cdn.tripadvisor.com/media/photo-o/15/01/ea/75/el-qulan-mangrove-forest.jpg?w=1200&h=-1&s=1"",""https://dynamic-media-cdn.tripadvisor.com/media/photo-o/15/01/ea/72/el-qulan-mangrove-forest.jpg?w=700&h=-1&s=1"",""https://dynamic-media-cdn.tripadvisor.com/media/photo-o/13/da/9b/cd/photo0jpg.jpg?w=1200&h=-1&s=1"",""https://dynamic-media-cdn.tripadvisor.com/media/photo-o/13/bf/66/15/20180712-114421-largejpg.jpg?w=1100&h=-1&s=1"",""https://dynamic-media-cdn.tripadvisor.com/media/photo-o/13/be/fa/50/hinter-den-kulissen-eines.jpg?w=800&h=-1&s=1"",""https://dynamic-media-cdn.tripadvisor.com/media/photo-o/13/be/fa/48/hinter-den-kulissen-eines.jpg?w=1100&h=-1&s=1"",""https://dynamic-media-cdn.tripadvisor.com/media/photo-o/13/9f/ef/ec/la-via-d-accesso-per.jpg?w=1100&h=-1&s=1"",""https://dynamic-media-cdn.tripadvisor.com/media/photo-o/13/9f/ef/d6/tenda-beduina-fresca.jpg?w=1200&h=-1&s=1"",""https://dynamic-media-cdn.tripadvisor.com/media/photo-o/13/9f/ef/c8/un-atollo-con-una-mangrovia.jpg?w=1200&h=-1&s=1"",""https://dynamic-media-cdn.tripadvisor.com/media/photo-o/13/0f/70/75/big-mangrove-tree.jpg?w=1200&h=-1&s=1"",""https://dynamic-media-cdn.tripadvisor.com/media/photo-o/12/94/f9/ce/photo2jpg.jpg?w=1200&h=-1&s=1""]","Nice place to be, Saphit blue water, white sand. And quiet! Have a mangrove and eycatcher and whe see Eagle See. Relaxing in the Bedouin tent with a Bedouin tee was a treat.                                                                                                                                                  #8 of a total of 20 things to do in Marsa Alam                                                                                                                                               Couples particularly like the location ? they rated it 4.5  for a two-person trip."
Beau Site Belle Vue Hotel,https://t-cf.bstatic.com/xdata/images/hotel/max1024x768/33538970.jpg?k=0bfee45b42babc10294a62dc204e0abe01c781b00e8d8cb2e5ed73cd01260992&o=&hp=1,https://goo.gl/maps/uX7JkHpdgcqdNLHv8,"El Corniche Street, 99999 Marsa Matruh, Egypt",https://www.booking.com/hotel/eg/belle-vue-marsa-matrou.en-gb.html?aid=339738&label=riviera-beach-TJFyY9IMRBE6aUzLxnfCPwS55969948433%3Apl%3Ata%3Ap1%3Ap2%3Aac%3Aap%3Aneg%3Afi%3Atikwd-296592216609%3Alp9112393%3Ali%3Adec%3Adm%3Appccp%3DUmFuZG9tSVYkc2RlIyh9YU,"[""https://t-cf.bstatic.com/xdata/images/hotel/max1024x768/34742981.jpg?k=9e9e731b6b6bb617948e27c4abb154efdf70fd3964d3d6fe33ccf269b524b494&o=&hp=1"",""https://t-cf.bstatic.com/xdata/images/hotel/max1024x768/34744124.jpg?k=1c4e13e42024aa55138d1ede565e86852ecacca5d55706c41828f83ad3353346&o=&hp=1"",""https://t-cf.bstatic.com/xdata/images/hotel/max1024x768/33539083.jpg?k=254c1b3c886a8df1c4286093d7300df1d5288b8d875f3a598c3e514790168be0&o=&hp=1"",""https://t-cf.bstatic.com/xdata/images/hotel/max1024x768/33539086.jpg?k=5a96d3969ce369d2b8011194bd45f38562e029bf767b493a5a49e39394cdaf47&o=&hp=1"",""https://t-cf.bstatic.com/xdata/images/hotel/max1024x768/33538977.jpg?k=8eff9a5070ec5ee592436fb33fd6fed907f65520e5a23301877098d116b57e54&o=&hp=1"",""https://t-cf.bstatic.com/xdata/images/hotel/max1024x768/33539036.jpg?k=4204c51feeeb213531bd15c8203cad038beec6a7e9f6a71f0076373c02158cba&o=&hp=1"",""https://t-cf.bstatic.com/xdata/images/hotel/max1024x768/34747261.jpg?k=499164eb29b58316d39a332f7925d94aea7bf6d3d179cc7c1e5c301401d2c9a0&o=&hp=1"",""https://t-cf.bstatic.com/xdata/images/hotel/max1024x768/34748369.jpg?k=52776cac908713d5d50f9a1924e77b9531602808c4ff03e28fa551aaf50241ca&o=&hp=1"",""https://t-cf.bstatic.com/xdata/images/hotel/max1024x768/34745517.jpg?k=df6f836bd4e0378b061f13a6627932a70049d036de813b9bde433fe539d7031d&o=&hp=1""]","This property is 1 minute walk from the beach. Beau Site Belle Vue Hotel features a restaurant, bar, a shared lounge and garden in Marsa Matruh. Featuring family rooms, this property also provides guests with a children's playground. The accommodation offers a 24-hour front desk, an ATM and currency exchange for guests.                                                                                                                       Beau Site Belle Vue Hotel offers a terrace.                                                                                                                                           Cleopatra Beach is 19 km from the accommodation.                                                                                                                           Couples particularly like the location ? they rated it 8.9 for a two-person trip.

"
Rohanou Beach Resort & Ecolodge,https://dynamic-media-cdn.tripadvisor.com/media/photo-o/1c/bc/40/fa/rohanou-beach-resort.jpg?w=1200&h=-1&s=1,https://goo.gl/maps/nKutGDLv32tbFzjp6,"10 plots 24 s, south of Quseir city, kilometer, Qusayr, Marsa Alam 84712 Egypt",https://www.tripadvisor.com.eg/Hotel_Review-g488096-d7103080-Reviews-Rohanou_Beach_Resort_Ecolodge-El_Quseir_Marsa_Alam_Red_Sea_and_Sinai.html,"[""https://dynamic-media-cdn.tripadvisor.com/media/photo-o/1c/dd/7d/93/rohanou-beach-resort.jpg?w=1200&h=-1&s=1"",""https://dynamic-media-cdn.tripadvisor.com/media/photo-o/1c/dd/7d/64/rohanou-beach-resort.jpg?w=1200&h=-1&s=1"",""https://dynamic-media-cdn.tripadvisor.com/media/photo-o/1c/dd/7d/3f/rohanou-beach-resort.jpg?w=1200&h=-1&s=1"",""https://dynamic-media-cdn.tripadvisor.com/media/photo-o/1c/dc/6d/21/rohanou-beach-resort.jpg?w=1200&h=-1&s=1"",""https://dynamic-media-cdn.tripadvisor.com/media/photo-o/1c/dc/66/b9/rohanou-beach-resort.jpg?w=1200&h=-1&s=1"",""https://dynamic-media-cdn.tripadvisor.com/media/photo-o/1c/dc/66/b8/rohanou-beach-resort.jpg?w=1200&h=-1&s=1"",""https://dynamic-media-cdn.tripadvisor.com/media/photo-o/1c/dc/66/b7/rohanou-beach-resort.jpg?w=1100&h=-1&s=1"",""https://dynamic-media-cdn.tripadvisor.com/media/photo-o/1c/dc/66/b5/rohanou-beach-resort.jpg?w=1200&h=-1&s=1"",""https://dynamic-media-cdn.tripadvisor.com/media/photo-o/1c/dc/66/b2/rohanou-beach-resort.jpg?w=1200&h=-1&s=1"",""https://dynamic-media-cdn.tripadvisor.com/media/photo-o/1c/dc/66/b0/rohanou-beach-resort.jpg?w=1200&h=-1&s=1""]","Free Parking, Wi-Fi service, Fitness center with gym/workout room, Free breakfast , and Couples particularly like the location ? they rated it 4.5 for a two-person trip."
The Three Corners Equinox Beach Resort,https://dynamic-media-cdn.tripadvisor.com/media/photo-o/0c/d4/90/1c/the-three-corners-equinox.jpg?w=1200&h=-1&s=1,https://goo.gl/maps/bpUovytL7Li2vE8q8,"Halayeb and Shalateen Street, 12345 Marsa Alam, Egypt",https://www.tripadvisor.com.eg/Hotel_Review-g311425-d7186223-Reviews-The_Three_Corners_Equinox_Beach_Resort-Marsa_Alam_Red_Sea_and_Sinai.html,"[""https://dynamic-media-cdn.tripadvisor.com/media/photo-o/13/72/aa/ed/photo2jpg.jpg?w=1200&h=-1&s=1"",""https://dynamic-media-cdn.tripadvisor.com/media/photo-o/11/8c/54/4e/20171219-092844-largejpg.jpg?w=1000&h=-1&s=1"",""https://dynamic-media-cdn.tripadvisor.com/media/photo-o/0f/0a/65/a1/part-of-teh-hotel-complex.jpg?w=1200&h=-1&s=1"",""https://dynamic-media-cdn.tripadvisor.com/media/photo-o/08/e8/04/01/the-three-corners-equinox.jpg?w=1200&h=-1&s=1"",""https://dynamic-media-cdn.tripadvisor.com/media/photo-o/11/9b/b9/af/the-three-corners-equinox.jpg?w=1200&h=-1&s=1"",""https://dynamic-media-cdn.tripadvisor.com/media/photo-o/09/6e/1b/f6/the-three-corners-equinox.jpg?w=1200&h=-1&s=1"",""https://dynamic-media-cdn.tripadvisor.com/media/photo-o/0b/c3/3d/72/caption.jpg?w=900&h=-1&s=1"",""https://dynamic-media-cdn.tripadvisor.com/media/photo-o/0e/32/94/28/the-three-corners-equinox.jpg?w=1200&h=-1&s=1"",""https://dynamic-media-cdn.tripadvisor.com/media/photo-o/0d/55/02/58/the-three-corners-equinox.jpg?w=1200&h=-1&s=1""]","Providing hand sanitizer for guests and employees.                                                                                                                              Disinfect places with high traffic regularly.                                                                                                                                                   Single-use toilet and cosmetic packages.                                                                                                                                                         Car parking space, free internet, Free stay for children, and #5 of 94 in Marsa Alam.
Couples particularly like the location ? they rated it 4.5 for a two-person trip."
Concorde Moreen Beach Resort & Spa,https://dynamic-media-cdn.tripadvisor.com/media/photo-o/06/68/83/1c/concorde-moreen-beach.jpg?w=1200&h=-1&s=1,https://g.page/concorde_marsa_alam?share,"92 Marsa Alam - Quseir Road, Marsa Alam 84721 Egypt",https://www.tripadvisor.com.eg/Hotel_Review-g311425-d3154994-Reviews-Concorde_Moreen_Beach_Resort_Spa-Marsa_Alam_Red_Sea_and_Sinai.html,"[""https://dynamic-media-cdn.tripadvisor.com/media/photo-s/02/f8/46/e7/concorde-moreen-beach.jpg?w=600&h=-1&s=1"",""https://dynamic-media-cdn.tripadvisor.com/media/photo-o/06/68/8b/51/concorde-moreen-beach.jpg?w=1200&h=-1&s=1"",""https://dynamic-media-cdn.tripadvisor.com/media/photo-o/06/68/82/ab/concorde-moreen-beach.jpg?w=1200&h=-1&s=1"",""https://dynamic-media-cdn.tripadvisor.com/media/photo-o/06/68/80/b3/concorde-moreen-beach.jpg?w=1200&h=-1&s=1"",""https://dynamic-media-cdn.tripadvisor.com/media/photo-s/02/f8/46/55/concorde-moreen-beach.jpg?w=600&h=-1&s=1"",""https://dynamic-media-cdn.tripadvisor.com/media/photo-o/06/68/89/f7/concorde-moreen-beach.jpg?w=1200&h=-1&s=1"",""https://dynamic-media-cdn.tripadvisor.com/media/photo-o/10/2d/39/a5/concorde-moreen-beach.jpg?w=1200&h=-1&s=1"",""https://dynamic-media-cdn.tripadvisor.com/media/photo-o/10/2d/4c/60/concorde-moreen-beach.jpg?w=1200&h=-1&s=1"",""https://dynamic-media-cdn.tripadvisor.com/media/photo-s/02/f8/45/e1/concorde-moreen-beach.jpg?w=600&h=-1&s=1"",""https://dynamic-media-cdn.tripadvisor.com/media/photo-s/02/f8/47/56/concorde-moreen-beach.jpg?w=600&h=-1&s=1""]","Providing hand sanitizer for guests and employees.                                                                                                                              Disinfect places with high traffic regularly.                                                                                                                                                   Single-use toilet and cosmetic packages.                                                                                                                                                         Car parking space, free internet, Free stay for children, and #22 of 94 in Marsa Alam.
Couples particularly like the location ? they rated it 4.5 for a two-person trip."
Brayka Bay Resort,https://dynamic-media-cdn.tripadvisor.com/media/photo-o/18/b3/8d/3b/brayka-bay-resort.jpg?w=1200&h=-1&s=1,https://goo.gl/maps/oPrW87ePRUdUhHit7,"17 Km North of Marsa Alam Town, Marsa Alam 84722 Egypt",https://www.tripadvisor.com.eg/Hotel_Review-g311425-d611148-Reviews-Brayka_Bay_Resort-Marsa_Alam_Red_Sea_and_Sinai.html,"[""https://dynamic-media-cdn.tripadvisor.com/media/photo-o/19/14/90/91/brayka-bay-resort.jpg?w=1200&h=-1&s=1"",""https://dynamic-media-cdn.tripadvisor.com/media/photo-o/19/14/8f/c8/brayka-bay-resort.jpg?w=1200&h=-1&s=1"",""https://dynamic-media-cdn.tripadvisor.com/media/photo-o/19/14/8e/f8/brayka-bay-resort.jpg?w=1200&h=-1&s=1"",""https://dynamic-media-cdn.tripadvisor.com/media/photo-o/19/14/8d/39/brayka-bay-resort.jpg?w=1200&h=-1&s=1"",""https://dynamic-media-cdn.tripadvisor.com/media/photo-o/19/14/8b/dd/brayka-bay-resort.jpg?w=1200&h=-1&s=1"",""https://dynamic-media-cdn.tripadvisor.com/media/photo-o/19/14/8a/62/brayka-bay-resort.jpg?w=1200&h=-1&s=1"",""https://dynamic-media-cdn.tripadvisor.com/media/photo-o/18/f5/2a/3f/brayka-bay-resort.jpg?w=1200&h=-1&s=1"",""https://dynamic-media-cdn.tripadvisor.com/media/photo-o/18/f5/29/96/brayka-bay-resort.jpg?w=1200&h=-1&s=1"",""https://dynamic-media-cdn.tripadvisor.com/media/photo-o/18/b3/8e/71/sandy-access-directly.jpg?w=1200&h=-1&s=1"",https://dynamic-media-cdn.tripadvisor.com/media/photo-o/09/0c/24/c5/pool--v8846539.jpg?w=1200&h=-1&s=1"",""https://dynamic-media-cdn.tripadvisor.com/media/photo-o/09/0c/25/42/blues-pool-bar--v8846631.jpg?w=1200&h=-1&s=1""]","Providing hand sanitizer for guests and employees.                                                                                                                              Disinfect places with high traffic regularly.                                                                                                                                                   Single-use toilet and cosmetic packages, and Very suitable for families in Marsa Alam.                                                                                Car parking space, free internet, Free stay for children, and #32 of 94 in Marsa Alam.
Couples particularly like the location ? they rated it 4.5 for a two-person trip."
Deep Blue Inn,https://dynamic-media-cdn.tripadvisor.com/media/photo-o/1a/28/69/74/beach.jpg?w=1200&h=-1&s=1,https://goo.gl/maps/EFvCYwb8janN4GRd7,"17km south Marsa Alam city, Marsa Alam 17012 Egypt",https://www.tripadvisor.com.eg/Hotel_Review-g311425-d19516601-Reviews-Deep_Blue_Inn-Marsa_Alam_Red_Sea_and_Sinai.html,"[""https://dynamic-media-cdn.tripadvisor.com/media/photo-o/1a/24/90/3a/getlstd-property-photo.jpg?w=1200&h=-1&s=1"",""https://dynamic-media-cdn.tripadvisor.com/media/photo-o/1a/24/90/3a/getlstd-property-photo.jpg?w=1200&h=-1&s=1"",""https://dynamic-media-cdn.tripadvisor.com/media/photo-o/1d/42/1c/b4/deep-blue-inn.jpg?w=700&h=-1&s=1"",""https://dynamic-media-cdn.tripadvisor.com/media/photo-o/1a/b9/73/74/deep-blue-inn.jpg?w=1200&h=-1&s=1"",""https://dynamic-media-cdn.tripadvisor.com/media/photo-o/22/af/9c/2e/caption.jpg?w=800&h=-1&s=1"",""https://dynamic-media-cdn.tripadvisor.com/media/photo-o/22/7b/bb/36/deep-blue-inn.jpg?w=1100&h=-1&s=1"",""https://dynamic-media-cdn.tripadvisor.com/media/photo-o/22/7b/bb/31/deep-blue-inn.jpg?w=1100&h=-1&s=1"",""https://dynamic-media-cdn.tripadvisor.com/media/photo-o/21/fd/5b/99/caption.jpg?w=1200&h=-1&s=1"",""https://dynamic-media-cdn.tripadvisor.com/media/photo-o/21/fd/5b/97/caption.jpg?w=1200&h=-1&s=1"",""https://dynamic-media-cdn.tripadvisor.com/media/photo-o/21/fd/5b/94/caption.jpg?w=1200&h=-1&s=1"",""https://dynamic-media-cdn.tripadvisor.com/media/photo-o/21/e6/48/8f/deep-blue-inn.jpg?w=700&h=-1&s=1"",""https://dynamic-media-cdn.tripadvisor.com/media/photo-o/21/99/74/8d/deep-blue-inn.jpg?w=1200&h=-1&s=1""]","Providing hand sanitizer for guests and employees.                                                                                                                              Disinfect places with high traffic regularly.                                                                                                                                                   Single-use toilet and cosmetic packages, and Very suitable for families in Marsa Alam.                                                                                Car parking space, free internet, Free stay for children, and #49 of 94 in Marsa Alam.                                                                          Couples particularly like the location ? they rated it 4.5 for a two-person trip."
Moses Coast Resort,https://t-cf.bstatic.com/xdata/images/hotel/max1024x768/15029515.jpg?k=7773800925b0140cf27a9b4f6ebdbd32bd6e76c2993a36a3a570e22ed9efc453&o=&hp=1,https://goo.gl/maps/86nrgQsCBQRwG8Sf6,"KM 30 - Ras Sidr, Ras Sidr, Egypt",https://www.booking.com/hotel/eg/mousa-coast-resort.ar.html?aid=7344259&label=metatripad-link-dmetanar-hotel-802871_xqdz-4ab0739d3efde13f3a2f4866e9069132_los-01_bw-005_tod-3_dom-comeg_curr-EGP_gst-02_nrm-01_clkid-5bf6e4f1-9adb-4d01-9e33-97a2ff5274f5_aud-0,"[""https://t-cf.bstatic.com/xdata/images/hotel/max1024x768/171149629.jpg?k=595d39501a188df55769af1ad13b3275636eca97b620d119b1ab497f071e4062&o=&hp=1"",""https://t-cf.bstatic.com/xdata/images/hotel/max1024x768/15030075.jpg?k=e8623ec1d6ee6dc8544b12d8fb22f06cdc3c707c20b107c62386540cb42ee945&o=&hp=1"",""https://t-cf.bstatic.com/xdata/images/hotel/max1024x768/171149664.jpg?k=458e44d5e6b7a8f55548ae29cdbcb44f256d14460e94806d70f5262dc0feee00&o=&hp=1"",""https://t-cf.bstatic.com/xdata/images/hotel/max1024x768/171149679.jpg?k=4d4eefe60116421deb20301d98380d337192914577f236958c8a0c6e08645bc9&o=&hp=1"",""https://t-cf.bstatic.com/xdata/images/hotel/max1024x768/171149674.jpg?k=d7cac9ffcc12d79ffe684ba74090faaaa83d9b97918e3863eaba8740179a96f4&o=&hp=1"",""https://t-cf.bstatic.com/xdata/images/hotel/max1024x768/171149685.jpg?k=ddf015be5343838d3bbf0f98f746160243cea2e59c24ed240fe3be3fdec6ab01&o=&hp=1"",""https://t-cf.bstatic.com/xdata/images/hotel/max1024x768/75956048.jpg?k=3d2288f4a6841e51d10646a93fe9fd876d579496e416445ea2eb4d5694998de4&o=&hp=1"",""https://t-cf.bstatic.com/xdata/images/hotel/max1024x768/14166743.jpg?k=88cc225176b856e75c30da68facb3955bbf758c4511424e63260773ed6c40fe7&o=&hp=1"",""https://t-cf.bstatic.com/xdata/images/hotel/max1024x768/15027838.jpg?k=aef3a510be3c651ce0a398b0fb2c05791b666eae0f696bf36d66f4c89b94550f&o=&hp=1"",""https://t-cf.bstatic.com/xdata/images/hotel/max1024x768/16907669.jpg?k=44a9e07bad81aee8a7ccfc5fd413710590a14f10cbf517915800322afc0d10ac&o=&hp=1""]","Featuring a private sandy beach, the 4-star Mousa Coast Resort offers modern accommodations with free Wi-Fi. It also has an outdoor pool, restaurant and bar.                                                                                                                                                                       Mangiamo Restaurant serves an … la carte and buffet menu with international, Middle Eastern and local cuisine. Other dining venues include Red Fish, which serves fresh seafood, while La Pergola serves a variety of grilled meats.                                                               You can enjoy playing billiards, table tennis or volleyball for a fee. Horseback riding exercises and activities can be arranged upon request, and the tour desk offers local excursions. Mousa Coast Resort is located 150 km from Cairo."
Shark's Bay Beach,https://media.safarway.com/content/04cc7190-c49e-4032-914b-9b348cedcbce_lg.jpg,https://goo.gl/maps/4KXEzUtXcTtQ2GLL8,"Sharm El Sheikh, Egypt",https://www.safarway.com/property/shark-s-bay-beach_21820#,"[""https://media.safarway.com/content/f4fb5e90-486e-4dac-9df3-aca71451db69_lg.jpg"",""https://media.safarway.com/content/665f8802-56f6-4d49-8ab3-1d1ad89df213_lg.jpg"",""https://media.safarway.com/content/31e4a185-ec3b-4820-9803-26cfbdec7b7b_lg.jpg"",""https://media.safarway.com/content/15c7dada-57a5-443e-9fdc-52c09261adc5_lg.jpg"",""https://media.safarway.com/content/9419d321-7d51-4aeb-a55f-f2f79247fc85_lg.jpg"",""https://media.safarway.com/content/38a5cfbe-d6ca-4e27-b13c-d80c58f00051_lg.jpg"",""https://media.safarway.com/content/c0b29762-377b-408f-8448-9937ae796efd_lg.jpg"",""https://media.safarway.com/content/7280caba-86ad-46a4-bdb5-8128ae42ce2a_lg.jpg"",""https://media.safarway.com/content/051b20b2-6106-4072-9b6b-7709a9838b2f_lg.jpg"",""https://media.safarway.com/content/eed94faa-bbf8-49b4-b8d8-46f106802a3c_lg.jpg""]","Shark Bay consists of beaches located 10 km north of Sharm El Sheikh Airport. What was once a quiet diving spot is now dominated by a group of five-star resorts. The area was called Shark Bay, because it was home to sharks that once lived in this area, but today it is devoid of these animals."
Solymar Soma Beach,https://t-cf.bstatic.com/xdata/images/hotel/max1024x768/277907476.jpg?k=06225a75e641186f20bdedaef1a3110d9323d737ad6a92e36666870547308c90&o=&hp=1,https://goo.gl/maps/iFM2LPgZBhvfUjpM7,"KM 49, Hurghada Road, Soma Bay, 84517 Hurghada, Egypt",https://www.booking.com/hotel/eg/solymar-soma-beach.ar.html,"[""https://t-cf.bstatic.com/xdata/images/hotel/max1024x768/277906339.jpg?k=aea62717aec13337fa14312fb92547966fb5d1bb68fa99f2c771b65047d9b480&o=&hp=1"",""https://t-cf.bstatic.com/xdata/images/hotel/max1024x768/277906335.jpg?k=0728b13b2796fe7938cad934580ed9680335b065f15bf454c01d4bd6274a378e&o=&hp=1"",""https://t-cf.bstatic.com/xdata/images/hotel/max1024x768/277907473.jpg?k=1fa1d29138998d5184945f3ea68fe7526f3ef76c752fa7bcdc79c10abbea1aa9&o=&hp=1"",""https://t-cf.bstatic.com/xdata/images/hotel/max1024x768/277906351.jpg?k=972a932ad477c2c64c34caa1990f071a48d98811fbf751d196e5da9a841bc755&o=&hp=1"",""https://t-cf.bstatic.com/xdata/images/hotel/max1024x768/277906360.jpg?k=d52f1296bcf42765af7de1d9539fdddb59551637559c3ce5adb4d4ad7de23b95&o=&hp=1"",""https://t-cf.bstatic.com/xdata/images/hotel/max1024x768/277906344.jpg?k=ea9def902741b4cb697fea8e63e3973284ad934151d2a21adb8b5ee3b5aac483&o=&hp=1"",""https://t-cf.bstatic.com/xdata/images/hotel/max1024x768/277906333.jpg?k=2f0abc52aa1e82bc9591910d7a4b45912c1692a5dd073a4ec93ecd14a55a4748&o=&hp=1"",""https://t-cf.bstatic.com/xdata/images/hotel/max1024x768/277906320.jpg?k=530aa99ccb2b6c2d8df685d76f886633c187cd23a537e71ec495ffe2775d3d13&o=&hp=1"",""https://t-cf.bstatic.com/xdata/images/hotel/max1024x768/321149495.jpg?k=d7284ed724380a1295494b9ad03c2d119156146d414629de2079a082fe450a58&o=&hp=1"",""https://t-cf.bstatic.com/xdata/images/hotel/max1024x768/277903841.jpg?k=b2da9892ad1aee947976284d5ae1b334cd3fa1107ffea1a465699db2d54eb431&o=&hp=1""]","Located in Hurghada, less than 1 km from Sentido Palm Royal Soma Bay, Solymar Soma Beach provides accommodation with a restaurant, free private parking, an outdoor swimming pool and a bar. This 4-star hotel offers free WiFi (limited speed), a garden and a terrace. The property provides a 24-hour front desk, a shared lounge and currency exchange for guests.                                               The units come with air conditioning, a flat-screen TV with satellite channels, a kettle, a shower, a hairdryer and a desk. All rooms at the hotel have a wardrobe and a private bathroom.                                                                                                                                            Guests at Solymar Soma Beach can enjoy a buffet breakfast.                                                                                                                     The property offers a children's playground.                                                                                                                                               New Marina is 49 km from Solymar Soma Beach, while Giftun Island is 46 km away. The nearest airport is Hurghada International Airport, 45 km from the hotel.                                                                                                                                                                   Couples particularly liked the location, and rated it 9.0 for a two-person trip."
